"class","family","species","angle","mimicType","webUrl","antennalIllusion","background","right","wrong","accuracy","decisionTimeMean","decisionTimeSD"
"Insecta","Formicidae","Crematogaster sp1","Dorsal","ant","images/1262.jpg",FALSE,"Artificial",106,1,0.00934579439252336,2124.08411214953,1096.97265339313
"Insecta","Formicidae","Formicid1 sp1","Dorsal","ant","images/1290.jpg",FALSE,"Artificial",54,0,0,1802.98148148148,606.795308831904
"Insecta","Formicidae","Formicid1 sp1","Lateral","ant","images/1291.jpg",FALSE,"Artificial",51,0,0,1708.76470588235,429.646486695064
"Insecta","Formicidae","Formicid1 sp1","Dorsal","ant","images/1294.jpg",FALSE,"Artificial",51,1,0.0192307692307692,1823.51923076923,742.328332049978
"Insecta","Formicidae","Rhytidoponera metallica","Dorsal","ant","images/149.jpg",FALSE,"Artificial",107,4,0.036036036036036,2137.23423423423,890.140713645933
"Arachnida","Gnaphosidae","Eilica sp1","Dorsal","non-mimic","images/1554.jpg",FALSE,"Artificial",49,0,0,1730.12244897959,578.358403610781
"Arachnida","Gnaphosidae","Eilica sp1","Lateral","non-mimic","images/1683.jpg",FALSE,"Artificial",51,0,0,1611.05882352941,363.191762668963
"Insecta","Rhyparochromidae","Daerlac nigricans","Dorsal","mimic","images/1773.jpg",FALSE,"Artificial",76,24,0.24,2343.2,897.239188631527
"Insecta","Chrysididae","Chrysidid1 sp1","Lateral","non-mimic","images/1827.jpg",FALSE,"Artificial",115,2,0.0170940170940171,2094.47863247863,771.329970964735
"Insecta","Chrysididae","Chrysidid1 sp1","Dorsal","non-mimic","images/1828.jpg",FALSE,"Artificial",109,2,0.018018018018018,1959.27927927928,763.432025564593
"Insecta","Formicidae","Formicid10 sp1","Dorsal","ant","images/1886.jpg",FALSE,"Artificial",36,0,0,1739.13888888889,828.647129888842
"Insecta","Formicidae","Formicid10 sp1","Lateral","ant","images/1888.jpg",FALSE,"Artificial",47,1,0.0208333333333333,1699.39583333333,487.856176032351
"Insecta","Formicidae","Formicid10 sp1","Anterior","ant","images/1890.jpg",FALSE,"Artificial",37,0,0,1689.91891891892,571.818074137142
"Insecta","Reduviidae","Reduviid2 sp1","Dorsal","non-mimic","images/1951.jpg",FALSE,"Artificial",108,2,0.0181818181818182,2277.97272727273,1150.30365722992
"Insecta","Coleoptera","Coleoptera2 sp1","Lateral","non-mimic","images/2125.jpg",FALSE,"Artificial",49,1,0.02,2092.92,686.656044961109
"Insecta","Formicidae","Camponotus nigriceps","Dorsal","ant","images/246.jpg",FALSE,"Artificial",33,8,0.195121951219512,2593.46341463415,1265.50091065872
"Arachnida","Lamponidae","Lamponid2 sp1","Lateral","non-mimic","images/2462.jpg",FALSE,"Artificial",100,3,0.029126213592233,2163.59223300971,1022.84353198301
"Arachnida","Lamponidae","Lamponid2 sp1","Dorsal","non-mimic","images/2465.jpg",FALSE,"Artificial",106,0,0,2018.01886792453,753.926875084013
"Arachnida","Salticidae","Myrmarachne bicolor","Lateral","mimic","images/2609.jpg",FALSE,"Artificial",32,42,0.567567567567568,2670.93243243243,1224.04375124467
"Arachnida","Salticidae","Ligonipes semitectus","Dorsal","mimic","images/2626.jpg",FALSE,"Artificial",52,16,0.235294117647059,2354.17647058824,939.420859084404
"Arachnida","Salticidae","Judalana lutea","Dorsal","mimic","images/2647.jpg",FALSE,"Artificial",45,11,0.196428571428571,2444.10714285714,1060.98776753417
"Arachnida","Salticidae","Judalana lutea","Anterior","mimic","images/2651.jpg",FALSE,"Artificial",56,23,0.291139240506329,2299.78481012658,822.184436712006
"Arachnida","Salticidae","Zenodorus metallescens","Dorsal","non-mimic","images/2712.jpg",FALSE,"Artificial",118,0,0,1846.18644067797,615.829160308578
"Arachnida","Salticidae","Ligonipes semitectus","Lateral","mimic","images/2751.jpg",FALSE,"Artificial",45,31,0.407894736842105,2464.01315789474,1258.49508533985
"Arachnida","Salticidae","Ligonipes semitectus","Anterior","mimic","images/2806.jpg",FALSE,"Artificial",94,22,0.189655172413793,2476.28448275862,1118.353493202
"Insecta","Reduviidae","Reduviid3 sp1","Dorsal","non-mimic","images/2962.jpg",FALSE,"Artificial",106,15,0.12396694214876,2290.39669421488,808.372856209093
"Insecta","Formicidae","Formicid14 sp1","Dorsal","ant","images/3014.jpg",FALSE,"Artificial",101,2,0.0194174757281553,2291.18446601942,1101.80456033187
"Insecta","Formicidae","Formicid14 sp1","Lateral","ant","images/3015.jpg",FALSE,"Artificial",109,3,0.0267857142857143,2324.78571428571,1013.86916038938
"Arachnida","Salticidae","Myrmarachne macleayana","Dorsal","mimic","images/3109.jpg",FALSE,"Artificial",56,17,0.232876712328767,2457.02739726027,1165.57977910617
"Arachnida","Salticidae","Myrmarachne macleayana","Lateral","mimic","images/3112.jpg",FALSE,"Artificial",37,43,0.5375,2461.2875,970.537254239676
"Arachnida","Salticidae","Judalana lutea","Lateral","mimic","images/3199.jpg",FALSE,"Artificial",60,12,0.166666666666667,2341.52777777778,993.74398001149
"Arachnida","Salticidae","Myrmarachne luctuosa","Dorsal","mimic","images/3243.jpg",FALSE,"Artificial",105,10,0.0869565217391304,2085.12173913043,810.851048988698
"Insecta","Coleoptera","Coleoptera2 sp1","Dorsal","non-mimic","images/334.jpg",FALSE,"Artificial",35,6,0.146341463414634,2129.0487804878,714.093829661744
"Arachnida","Lamponidae","Lamponid4 sp1","Dorsal","non-mimic","images/3451.jpg",FALSE,"Artificial",125,0,0,1818.072,545.561491995529
"Insecta","Formicidae","Crematogaster sp1","Lateral","ant","images/3849.jpg",FALSE,"Artificial",117,2,0.0168067226890756,1991.12605042017,857.002378758064
"Insecta","Formicidae","Camponotus sp3","Dorsal","ant","images/3857.jpg",FALSE,"Artificial",101,0,0,2002.50495049505,790.642670537865
"Insecta","Formicidae","Camponotus sp3","Anterior","ant","images/3858.jpg",FALSE,"Artificial",109,3,0.0267857142857143,2310.42857142857,1128.92910041814
"Insecta","Formicidae","Camponotus sp3","Lateral","ant","images/3859.jpg",FALSE,"Artificial",111,0,0,2064.55855855856,901.177539613232
"Arachnida","Salticidae","Myrmarachne sp1","Lateral","mimic","images/3973.jpg",FALSE,"Artificial",48,54,0.529411764705882,2322.47058823529,1157.67814492854
"Arachnida","Salticidae","Myrmarachne striatipes","Anterior","mimic","images/3976.jpg",FALSE,"Artificial",69,35,0.336538461538462,2356.19230769231,938.263786753217
"Arachnida","Salticidae","Myrmarachne smaragdina","Dorsal","mimic","images/4013.jpg",FALSE,"Artificial",47,28,0.373333333333333,2652.86666666667,1178.73371512449
"Arachnida","Salticidae","Myrmarachne smaragdina","Lateral","mimic","images/4017.jpg",FALSE,"Artificial",35,51,0.593023255813954,2982.04651162791,1837.54655423684
"Arachnida","Salticidae","Myrmarachne smaragdina","Dorsal","mimic","images/4029.jpg",FALSE,"Artificial",32,32,0.5,2498.65625,1090.48025270869
"Arachnida","Salticidae","Myrmarachne smaragdina","Lateral","mimic","images/4030.jpg",FALSE,"Artificial",6,41,0.872340425531915,2454.70212765957,1376.07142311623
"Insecta","Formicidae","Formicid22 sp1","Dorsal","ant","images/4083.jpg",FALSE,"Artificial",57,1,0.0172413793103448,1965.08620689655,905.516723367184
"Insecta","Formicidae","Formicid22 sp1","Lateral","ant","images/4085.jpg",FALSE,"Artificial",39,1,0.025,1793.4,670.50458611407
"Arachnida","Salticidae","Myrmarachne helensmithae","Lateral","mimic","images/4199.jpg",FALSE,"Artificial",19,55,0.743243243243243,2122.95945945946,1033.784342514
"Insecta","Formicidae","Opisthopsis sp2","Anterior","ant","images/4201.jpg",FALSE,"Artificial",115,3,0.0254237288135593,2172.99152542373,849.170027126666
"Arachnida","Salticidae","Myrmarachne macleayana","Dorsal","mimic","images/4230.jpg",FALSE,"Artificial",31,40,0.563380281690141,2264.53521126761,1069.7472976761
"Insecta","Formicidae","Formicid28 sp1","Dorsal","ant","images/4499.jpg",FALSE,"Artificial",39,4,0.0930232558139535,2056.76744186047,737.699765913623
"Insecta","Formicidae","Formicid28 sp1","Lateral","ant","images/4502.jpg",FALSE,"Artificial",42,3,0.0666666666666667,2174.15555555556,733.727220664079
"Insecta","Formicidae","Polyrhachis sp14","Lateral","ant","images/4512.jpg",FALSE,"Artificial",118,4,0.0327868852459016,2150.93442622951,914.127247030586
"Insecta","Formicidae","Formicid29 sp1","Dorsal","ant","images/4522.jpg",FALSE,"Artificial",42,0,0,1899.2619047619,700.903217268098
"Insecta","Formicidae","Formicid28 sp1","Lateral","ant","images/4525.jpg",FALSE,"Artificial",44,0,0,1832.72727272727,668.541117819723
"Arachnida","Thomisidae","Amyciaea albomaculata","Anterior","mimic","images/4592.jpg",FALSE,"Artificial",97,10,0.0934579439252336,2384.85981308411,1108.24635780867
"Arachnida","Salticidae","Myrmarachne helensmithae","Dorsal","mimic","images/4755.jpg",FALSE,"Artificial",48,22,0.314285714285714,2398.08571428571,1299.62240606404
"Insecta","Alydidae","Riptortus abdominalis","Dorsal","mimic","images/736.jpg",FALSE,"Artificial",57,69,0.547619047619048,2455.22222222222,1229.98260728444
"Insecta","Alydidae","Alydid3 sp1","Lateral","mimic","images/784.jpg",FALSE,"Artificial",44,67,0.603603603603604,2628.5045045045,1211.37961075097
"Insecta","Alydidae","Alydid3 sp1","Dorsal","mimic","images/786.jpg",FALSE,"Artificial",92,23,0.2,2523.33043478261,1307.58135315484
"Insecta","Formicidae","Formicid sp.","Lateral","ant","images/s16.jpg",FALSE,"Artificial",41,0,0,1735.58536585366,702.238598184754
"Insecta","Formicidae","Formicid sp.","Lateral","ant","images/s18.jpg",FALSE,"Artificial",50,1,0.0196078431372549,2064.80392156863,808.178099668825
"Insecta","Formicidae","Formicid sp.","Dorsal","ant","images/s19.jpg",FALSE,"Artificial",43,0,0,1883.88372093023,1034.54761701506
"Arachnida","Corinnidae","Castineira cingulata","Anterior","non-mimic","images/Z001.jpg",FALSE,"Artificial",65,0,0,1925.49230769231,664.023251736077
"Insecta","Formicidae","Pachycondyla villosa","Anterior","ant","images/Z011.jpg",FALSE,"Artificial",63,2,0.0307692307692308,2313.43076923077,1174.06296372403
"Arachnida","Corinnidae","Nyssus paradoxus","Dorsal","non-mimic","images/Z035.jpg",FALSE,"Artificial",76,0,0,1828.88157894737,581.912295043512
"Arachnida","Salticidae","Myrmarachne macleayana","Anterior","mimic","images/3114.jpg",TRUE,"Artificial",54,25,0.316455696202532,2264.05063291139,993.492981905634
"Arachnida","Salticidae","Myrmarachne macleayana","Lateral","mimic","images/3171.jpg",TRUE,"Artificial",28,86,0.754385964912281,2301.97368421053,1082.19818462506
"Arachnida","Salticidae","Myrmarachne macleayana","Lateral","mimic","images/4233.jpg",TRUE,"Artificial",24,45,0.652173913043478,2291.98550724638,1120.90556212316
"Arachnida","Salticidae","Damoetas nitidus","Lateral","mimic","images/1545.jpg",FALSE,"Natural",76,3,0.0379746835443038,2148.75949367089,827.767668618434
"Arachnida","Salticidae","Rhombonotus gracilis","Dorsal","mimic","images/1632.jpg",FALSE,"Natural",29,24,0.452830188679245,2431.20754716981,998.326067407349
"Arachnida","Salticidae","Rhombonotus gracilis","Lateral","mimic","images/1635.jpg",FALSE,"Natural",20,27,0.574468085106383,2527.93617021277,1105.60185073964
"Insecta","Formicidae","Dolichoderus scabridus","Lateral","ant","images/487.jpg",FALSE,"Natural",116,3,0.0252100840336134,2244.57142857143,948.488990772921
"Arachnida","Salticidae","Cosmophasis bitaeniata","Dorsal","mimic","images/516.jpg",FALSE,"Natural",44,2,0.0434782608695652,2003.0652173913,721.507446705974
"Arachnida","Salticidae","Cosmophasis bitaeniata","Anterior","mimic","images/517.jpg",FALSE,"Natural",49,3,0.0576923076923077,1844.26923076923,598.673078988256
"Arachnida","Thomisidae","Amyciaea albomaculata","Posterior","mimic","images/524.jpg",FALSE,"Natural",96,18,0.157894736842105,2363.74561403509,800.29795127896
"Arachnida","Salticidae","Cosmophasis bitaeniata","Lateral","mimic","images/532.jpg",FALSE,"Natural",48,6,0.111111111111111,2047.55555555556,827.306351203796
"Arachnida","Corinnidae","Poecilipta sp1","Dorsal","mimic","images/606.jpg",FALSE,"Natural",109,9,0.076271186440678,2446.70338983051,935.476790626244
"Arachnida","Salticidae","Myrmarachne luctuosa","Dorsal","mimic","images/85.jpg",FALSE,"Natural",100,11,0.0990990990990991,2527.75675675676,1026.8559978375
"Insecta","Formicidae","Idiomyrmex sp.","Lateral","ant","images/A001.jpg",FALSE,"Natural",58,3,0.0491803278688525,2471.31147540984,1087.65519261979
"Insecta","Formicidae","Orectognathus versicolor","Dorsal","ant","images/A002.jpg",FALSE,"Natural",57,14,0.197183098591549,2710.69014084507,1055.40734981535
"Insecta","Formicidae","Polyrhachis rufifemur","Dorsal","ant","images/A003.jpg",FALSE,"Natural",52,10,0.161290322580645,2491.82258064516,1037.56321591638
"Insecta","Formicidae","Polyrhachis rufifemur","Lateral","ant","images/A004.jpg",FALSE,"Natural",60,3,0.0476190476190476,2193.46031746032,955.685294155149
"Insecta","Formicidae","Polyrhachis rufifemur","Lateral","ant","images/A005.jpg",FALSE,"Natural",69,4,0.0547945205479452,2276.17808219178,970.712529572217
"Insecta","Formicidae","Polyrhachis daemeli","Dorsal","ant","images/A006.jpg",FALSE,"Natural",62,2,0.03125,2273.71875,930.077799591868
"Insecta","Formicidae","Myrmecia nigrocincta","Lateral","ant","images/A007.jpg",FALSE,"Natural",63,2,0.0307692307692308,2570.44615384615,1475.29698313985
"Insecta","Formicidae","Myrmecia nigrocincta","Dorsal","ant","images/A008.jpg",FALSE,"Natural",71,2,0.0273972602739726,2253.69863013699,972.422143197814
"Insecta","Formicidae","Myrmecia nigrocincta","Dorsal","ant","images/A009.jpg",FALSE,"Natural",67,2,0.0289855072463768,2525.88405797101,1245.07694702248
"Insecta","Formicidae","Dolichoderus sp.","Anterior","ant","images/A010.jpg",FALSE,"Natural",64,1,0.0153846153846154,2083.64615384615,753.8664178497
"Insecta","Formicidae","Dolichoderus sp.","Dorsal","ant","images/A011.jpg",FALSE,"Natural",61,1,0.0161290322580645,2014.88709677419,901.588599882083
"Arachnida","Corinnidae","Leichhardteus albofasciatus","Dorsal","non-mimic","images/GJA-5324.jpg",FALSE,"Natural",54,0,0,2073.98148148148,714.429987610937
"Arachnida","Sparassidae","Holconia sp","Dorsal","non-mimic","images/IMG_1990.jpg",FALSE,"Natural",98,0,0,1740.81632653061,502.724255687419
"Arachnida","Sparassidae","Holconia sp","Anterior","non-mimic","images/IMG_2003.jpg",FALSE,"Natural",104,3,0.0280373831775701,1991.35514018692,662.593108478027
"Insecta","Formicidae","Polyrhachis sp.","Dorsal","ant","images/IMG_4460.jpg",FALSE,"Natural",55,12,0.17910447761194,2693.34328358209,1131.45605509595
"Insecta","Formicidae","Formicid sp.","Dorsal","ant","images/IMG_4510.jpg",FALSE,"Natural",69,3,0.0416666666666667,2434.63888888889,1071.09108916247
"Insecta","Formicidae","Dolichoderus scabridus","Dorsal","ant","images/IMG_5789.jpg",FALSE,"Natural",62,0,0,2152.3064516129,1000.95406272985
"Insecta","Formicidae","Myrmecia sp.","Dorsal","ant","images/IMG_7019.jpg",FALSE,"Natural",75,0,0,2292.97333333333,947.351856397516
"Insecta","Formicidae","Camponotus sp.","Dorsal","ant","images/IMG_7181.jpg",FALSE,"Natural",74,2,0.0263157894736842,2093.21052631579,785.481972053498
"Insecta","Formicidae","Leptomyrmex sp.","Dorsal","ant","images/IMG_8113.jpg",FALSE,"Natural",50,3,0.0566037735849057,2684.28301886792,1337.43758125176
"Insecta","Formicidae","Dolichoderus scabridus","Dorsal","ant","images/IMG_8184.jpg",FALSE,"Natural",61,4,0.0615384615384615,2191.10769230769,955.891666898584
"Insecta","Formicidae","Formicid sp.","Lateral","ant","images/IMG_8943.jpg",FALSE,"Natural",61,10,0.140845070422535,2439.40845070423,902.71542070838
"Arachnida","Salticidae","Myrmapana plataleoides","Dorsal","mimic","images/s01.jpg",FALSE,"Natural",21,19,0.475,2435.475,1030.83217534085
"Insecta","Formicidae","Formicid sp.","Dorsal","ant","images/s02.jpg",FALSE,"Natural",43,3,0.0652173913043478,2139.10869565217,864.122990944148
"Insecta","Formicidae","Formicid sp.","Lateral","ant","images/s03.jpg",FALSE,"Natural",56,0,0,1943.60714285714,579.555619060341
"Insecta","Formicidae","Formicid sp.","Anterior","ant","images/s04.jpg",FALSE,"Natural",44,3,0.0638297872340425,2133.14893617021,894.454338852645
"Insecta","Formicidae","Formicid sp.","Dorsal","ant","images/s05.jpg",FALSE,"Natural",39,1,0.025,2021.5,844.254427564072
"Insecta","Formicidae","Formicid sp.","Anterior","ant","images/s06.jpg",FALSE,"Natural",44,0,0,1818.81818181818,624.775765271858
"Insecta","Formicidae","Formicid sp.","Lateral","ant","images/s07.jpg",FALSE,"Natural",34,3,0.0810810810810811,1998.37837837838,819.415894652043
"Insecta","Formicidae","Formicid sp.","Anterior","ant","images/s08.jpg",FALSE,"Natural",35,0,0,1809.14285714286,705.82809700451
"Insecta","Formicidae","Formicid sp.","Lateral","ant","images/s09.jpg",FALSE,"Natural",37,2,0.0512820512820513,1989.48717948718,721.013755317903
"Insecta","Formicidae","Formicid sp.","Lateral","ant","images/s10.jpg",FALSE,"Natural",52,1,0.0188679245283019,1783.62264150943,617.028057784156
"Insecta","Formicidae","Formicid sp.","Lateral","ant","images/s11.jpg",FALSE,"Natural",48,0,0,1844.02083333333,579.896890672865
"Insecta","Formicidae","Formicid sp.","Dorsal","ant","images/s12.jpg",FALSE,"Natural",43,0,0,1863.79069767442,577.180196263719
"Insecta","Formicidae","Formicid sp.","Lateral","ant","images/s13.jpg",FALSE,"Natural",46,0,0,1752.95652173913,594.469659314427
"Insecta","Formicidae","Formicid sp.","Lateral","ant","images/s14.jpg",FALSE,"Natural",43,2,0.0444444444444444,1972.71111111111,805.570481714729
"Insecta","Formicidae","Formicid sp.","Dorsal","ant","images/s15.jpg",FALSE,"Natural",49,0,0,1920.5306122449,710.179733765827
"Insecta","Formicidae","Formicid sp.","Lateral","ant","images/s17.jpg",FALSE,"Natural",53,0,0,1808.16981132075,761.419820917805
"Insecta","Formicidae","Formicid sp.","Lateral","ant","images/s20.jpg",FALSE,"Natural",45,1,0.0217391304347826,1979,890.853623092917
"Insecta","Formicidae","Formicid sp.","Lateral","ant","images/s21.jpg",FALSE,"Natural",43,3,0.0652173913043478,1992.80434782609,575.536913366417
"Arachnida","Corinnidae","Aetius nocturnus","Dorsal","mimic","images/s22.jpg",FALSE,"Natural",45,5,0.1,2073.44,819.278855619566
"Arachnida","Corinnidae","Castineira cingulata","Dorsal","mimic","images/Z002.jpg",FALSE,"Natural",66,2,0.0294117647058824,2225.57352941176,915.312560858295
"Arachnida","Corinnidae","Corrinnomma sp.","Dorsal","mimic","images/Z003.jpg",FALSE,"Natural",54,2,0.0357142857142857,1970.19642857143,769.752461264903
"Arachnida","Corinnidae","Corrinnomma sp.","Anterior","mimic","images/Z005.jpg",FALSE,"Natural",54,8,0.129032258064516,2401.04838709677,1251.87593565658
"Arachnida","Corinnidae","Sphecotypus niger","Dorsal","mimic","images/Z010.jpg",FALSE,"Natural",37,30,0.447761194029851,2517.5671641791,1117.52308936733
"Arachnida","Salticidae","Neon nelli","Dorsal","non-mimic","images/Z012.jpg",FALSE,"Natural",67,0,0,1892.82089552239,534.762307021827
"Arachnida","Salticidae","Neon nelli","Lateral","non-mimic","images/Z013.jpg",FALSE,"Natural",65,1,0.0151515151515152,2033.92424242424,974.910856841731
"Arachnida","Salticidae","Neon nelli","Anterior","non-mimic","images/Z014.jpg",FALSE,"Natural",64,0,0,1905.609375,627.471155782707
"Arachnida","Corinnidae","Nyssus avidus","Dorsal","non-mimic","images/Z015.jpg",FALSE,"Natural",65,1,0.0151515151515152,1934.48484848485,625.983515202566
"Arachnida","Salticidae","Abracadabrella elegans","Posterior","non-mimic","images/Z016.jpg",FALSE,"Natural",71,3,0.0405405405405405,2115.43243243243,732.423600786132
"Arachnida","Salticidae","Abracadabrella elegans","Lateral","non-mimic","images/Z017.jpg",FALSE,"Natural",81,0,0,2003.59259259259,683.967283168168
"Arachnida","Salticidae","Abracadabrella elegans","Dorsal","non-mimic","images/Z018.jpg",FALSE,"Natural",74,0,0,1864.66216216216,646.943927976719
"Arachnida","Salticidae","Helpis minitabunda","Dorsal","non-mimic","images/Z019.jpg",FALSE,"Natural",64,0,0,1719.359375,544.087976289185
"Arachnida","Salticidae","Ligonipes lacertosus","Dorsal","mimic","images/Z020.jpg",FALSE,"Natural",56,8,0.125,2260.71875,819.280471555028
"Arachnida","Salticidae","Ligonipes lacertosus","Lateral","mimic","images/Z021.jpg",FALSE,"Natural",64,14,0.179487179487179,2837.58974358974,1327.02373202139
"Arachnida","Corinnidae","Battalus byrneae","Anterior","non-mimic","images/Z022.jpg",FALSE,"Natural",69,2,0.028169014084507,2164.85915492958,732.136331874538
"Arachnida","Corinnidae","Copa kabana","Dorsal","non-mimic","images/Z023.jpg",FALSE,"Natural",75,0,0,1927.85333333333,510.048293774209
"Arachnida","Corinnidae","Disnyssus judidenchae","Dorsal","non-mimic","images/Z024.jpg",FALSE,"Natural",71,1,0.0138888888888889,1979.69444444444,726.754053732477
"Arachnida","Corinnidae","Iridonyssus formicans","Dorsal","non-mimic","images/Z025.jpg",FALSE,"Natural",77,0,0,1983.15584415584,723.297312112258
"Arachnida","Corinnidae","Leichhardteus albofasciatus","Posterior","non-mimic","images/Z026.jpg",FALSE,"Natural",61,0,0,1846.95081967213,794.053911398748
"Arachnida","Corinnidae","Leichhardteus conopalpis","Dorsal","non-mimic","images/Z027.jpg",FALSE,"Natural",76,2,0.0256410256410256,1897.85897435897,483.596932207487
"Arachnida","Salticidae","Ligonipes lacertosus","Lateral","mimic","images/Z028.jpg",FALSE,"Natural",19,39,0.672413793103448,2412.89655172414,1397.37171447291
"Arachnida","Corinnidae","Nyssus coloripes","Dorsal","non-mimic","images/Z032.jpg",FALSE,"Natural",74,0,0,1746.5,525.009438923629
"Arachnida","Corinnidae","Nyssus luteofinis","Lateral","mimic","images/Z033.jpg",FALSE,"Natural",63,2,0.0307692307692308,2299.12307692308,1394.89668644864
"Arachnida","Corinnidae","Nyssus paradoxus","Anterior","non-mimic","images/Z034.jpg",FALSE,"Natural",64,3,0.0447761194029851,2061.59701492537,752.711242064544
"Arachnida","Corinnidae","Nyssus supunnoides","Dorsal","non-mimic","images/Z037.jpg",FALSE,"Natural",63,1,0.015625,2121.5,995.462945664215
"Arachnida","Corinnidae","Nyssus albopunctatus","Dorsal","non-mimic","images/Z038.jpg",FALSE,"Natural",70,0,0,1755.22857142857,519.417655284375
"Arachnida","Corinnidae","Nyssus luteofinis","Lateral","mimic","images/Z039.jpg",FALSE,"Natural",53,12,0.184615384615385,2491,1280.462611715
"Arachnida","Corinnidae","Iridonyssus kohouti","Dorsal","mimic","images/Z040.jpg",FALSE,"Natural",64,5,0.072463768115942,2521.04347826087,1017.82440174508
"Arachnida","Corinnidae","Nyssus coloripes","Lateral","mimic","images/Z041.jpg",FALSE,"Natural",69,2,0.028169014084507,2112.91549295775,916.466814089833
"Arachnida","Salticidae","Myrmarachne erythrocephala","Lateral","mimic","images/146.jpg",TRUE,"Natural",30,38,0.558823529411765,2673.97058823529,1183.24848793339
"Arachnida","Salticidae","Myrmarachne erythrocephala","Posterior","mimic","images/147.jpg",TRUE,"Natural",25,32,0.56140350877193,2505.71929824561,1041.90614730862
"Arachnida","Salticidae","Damoetas nitidus","Dorsal","mimic","images/1547.jpg",TRUE,"Natural",59,7,0.106060606060606,2408.90909090909,1152.66185217285
"Arachnida","Salticidae","Myrmarachne erythrocephala","Dorsal","mimic","images/303.jpg",TRUE,"Natural",32,24,0.428571428571429,2672.57142857143,1146.32428946759
"Arachnida","Salticidae","Myrmarachne macleayana","Lateral","mimic","images/943.jpg",TRUE,"Natural",30,41,0.577464788732394,2491.42253521127,1224.13313540611
"Arachnida","Salticidae","Myrmarachne sp 2","Anterior","mimic","images/GJA-4522.jpg",TRUE,"Natural",51,9,0.15,2517.73333333333,1341.16781728622
"Arachnida","Corinnidae","Corrinnomma sp.","Lateral","mimic","images/Z004.jpg",TRUE,"Natural",53,20,0.273972602739726,2382.42465753425,1055.99550080334
"Arachnida","Corinnidae","Myrmecotypus rettenmeyeri","Anterior","mimic","images/Z008.jpg",TRUE,"Natural",32,30,0.483870967741935,2661.06451612903,1165.45857956749
"Arachnida","Corinnidae","Sphecotypus niger","Anterior","mimic","images/Z009.jpg",TRUE,"Natural",24,36,0.6,2686.6,1274.85333420312
"Arachnida","Salticidae","Myrmarachne macaulayi","Dorsal","mimic","images/Z029.jpg",TRUE,"Natural",25,51,0.671052631578947,2564.18421052632,1301.39705148507
"Arachnida","Salticidae","Myrmarachne macaulayi","Lateral","mimic","images/Z030.jpg",TRUE,"Natural",46,25,0.352112676056338,2680.23943661972,1296.39891859598
"Arachnida","Salticidae","Myrmarachne macaulayi","Posterior","mimic","images/Z031.jpg",TRUE,"Natural",19,42,0.688524590163934,2482.22950819672,1139.38500068301
